abigail, abbie, abby, gail
adele, adelle, adela, addie, dell, della
agatha, aggie
aileen, eileen
alexandra, alexandria, alexis, alexa, lexy
alice, alicia
alison, allison, alyson, allyson, allie, ally, ali
amanda, mandy
amy, aimee, amie
anna, anne, ann, annie, annabel, annabelle
ashley, ash
barbara, bab, barb
blanche, blanch
bonnie, bonny
bridget, bridgette
brittany, brittney, britney, brit, britt, brita, brie
camille, camilla
candace, candice, candy
carla, carlie, carly
carol, carole, carrol, carroll, kari, carrie
caroline, carolyn, carolina, carlyne, carline, karoline, carrie, lynn, lynne
catherine, cathryn, catheryn, catharine, kathryn, katherine, katheryn
christine, christina,  christy
crystal, chrystal, crys
cynthia, cindy
danielle, daniele, daniela, dani
diana, diane, dianne
edward, ed
elisa, eliza, elise, elizabeth, elisabeth, betty, bettie, betsy, beth, liz, lizzy, lizzie, liza, lisa
emily, emilia, emmy, emmie, millie, milly
erica, erika, ericka, rickie
eveline, evelyn
gabrielle, gabriela, gabriella, gabby, gabi, gaby
hannah, hanna
hillary, hilary
isabel, isabelle, isabella
jacqueline, jacquelyn, jackie, jacky
jane, janie, janet, janice
jean, jeanne
jennifer, jen, jenny, jennie, jenne
jessica, jess, jessie
joanna, joanne, joann, johanna
julia, julie, julianne, juliana, juliet
kimberly, kimberley, kim
kristina, kristin, kristine, kristen, kris, kristi, kristy, kristie, krista
laura, lora, laurie, lauren
linda, lynda
lucy, lucie
madeline, madeleine, madelyn, maddie
margaret, margarita, marguerite, margret, maggie, marge, margie, marjorie, margot, margo
michelle, michele
natalie, nathalie, natalia
nell, nelle, nellie, nelly
nicole, nicky, nicki, nikki, nikky
octavia, tave, tavi, tavy, tavia
olive, olivia, ollie, olly
pamela, pam, pammie, pammy
patricia, pat, pattie, patty, patsy, paddy, tricia, trisha
paula, paulina, pauline
peggy, peg
penelope, penny
priscilla, prissy
rachel, raquel, rachelle
rebecca, becky
regina, reggie, gina
renee, rene
roberta, robbie, robby, robin, robyn
rosaline, rosalyn, rosalind, rosalinda, rose, rosie, rosy
sarah, sara
sharon, sharron
shirley, shirlee, shirlie
sonia, sonya
sophia, sophie, sophy
stacy, stacey, stacie, staci
stephanie, stephania, stephana, stefanie, stefania, stefana, steph, stephie
susan, susanna, susannah, susanne, suzanne, sue, susie, susi, susy, suzie, suzy
teresa, theresa, therese, terry, terri, teri, tess, tessa, tracy
thomas, tom, tomas, tommie, tommy
victoria, vickie, vicky, vicki
zoe, zoey
aaron, aron, ron, ronnie, ronny
abraham, abe, abie, bram
alan, allan, allen
albert, bert
alexander, alex, alec, aleck
alfred, alfie, fred, freddie, freddy, fredrick
andrew, andy, drew
anthony, antony, anton, tony
augustus, august, augustine, gus
benjamin, ben, bennie, benny
bradford, brad, bradley
brian, bryan
casey, kasey
christopher, kristopher, chris, kris
daniel, dan, danny
david, dave, davie, davy
dennis, denis, den, denny
derek, derrick
donald, don, donnie, donny
douglas, doug
edward, eddie, eddy, edwin
emmanuel, emanuel, immanuel, manuel, manny, mannie
eric, erik, erick
ernest, earnest, ernie
francis, frank, frankie
geoffrey, jeffrey, jeff, geoff
gerald, gerard, gerry, jerry
glenn, glen
gregory, gregor, greg, gregg
harold, hal, harry
jacob, jake
james, jim, jimmy, jimmie, jamie
jesse, jessie, jessy
jonathan, john, jon, jonny, johnny
joseph, joe, joey, jo
joshua, josh
karl, carl
kelly, kelley
kenneth, ken, kenny
luke, lucas, luc
matthew, matt
michael, mike
nathan, nathaniel, nat, nate
neal, neil
nicholas, nicolas, nick, nic, nich
norman, norm
peter, pete
philip, phillip, phil
randall, randal, randy, randolph
richard, dick, rick, ricky, rich, richie
robert, bob, bobby, rob
russell, russel, russ
samuel, sam, sammy
scott, scotty
sidney, sydney, sid
silvester, sylvester
stanley, stan
stephen, steven, steve
stuart, stewart
theodore, ted, teddy
timothy, tim, timmy
victor, vick, vic
william, bill, billy, will, liam
zachariah, zacharias, zachary, zack, zach, zac, zak
